-- phpMyAdmin SQL Dump
-- version 5.2.1
-- https://www.phpmyadmin.net/
--
-- Host: 127.0.0.1
-- Generation Time: May 28, 2025 at 04:04 PM
-- Server version: 10.4.32-MariaDB
-- PHP Version: 8.2.12

SET SQL_MODE = "NO_AUTO_VALUE_ON_ZERO";
START TRANSACTION;
SET time_zone = "+00:00";


/*!40101 SET @OLD_CHARACTER_SET_CLIENT=@@CHARACTER_SET_CLIENT */;
/*!40101 SET @OLD_CHARACTER_SET_RESULTS=@@CHARACTER_SET_RESULTS */;
/*!40101 SET @OLD_COLLATION_CONNECTION=@@COLLATION_CONNECTION */;
/*!40101 SET NAMES utf8mb4 */;

--
-- Database: `labasm2_db`
--

-- --------------------------------------------------------

--
-- Table structure for table `tbl_submissions`
--

CREATE TABLE `tbl_submissions` (
  `id` int(11) NOT NULL,
  `work_id` int(11) NOT NULL,
  `user_id` int(11) NOT NULL,
  `submission_text` text NOT NULL,
  `submitted_at` datetime DEFAULT current_timestamp()
) ENGINE=InnoDB DEFAULT CHARSET=utf8mb4 COLLATE=utf8mb4_general_ci;

--
-- Dumping data for table `tbl_submissions`
--

INSERT INTO `tbl_submissions` (`id`, `work_id`, `user_id`, `submission_text`, `submitted_at`) VALUES
(1, 1, 1, 'Delivering materials to assembly station with proper handling procedures', '2025-05-28 19:41:30'),
(2, 6, 1, 'Completed routine paint booth inspection including checking filters, spray nozzles, ventilation, and safety systems, confirming all components are functioning properly for production use.', '2025-05-28 19:51:31'),
(5, 6, 1, 'I done already', '2025-05-28 20:21:45'),
(6, 1, 1, 'I done it yesterday.', '2025-05-28 20:32:06'),
(7, 2, 2, 'Conducted a thorough inspection of Machine X to assess its operational condition, safety compliance, and maintenance needs, with findings documented for further action.', '2025-05-28 21:52:30');

-- --------------------------------------------------------

--
-- Table structure for table `tbl_users`
--

CREATE TABLE `tbl_users` (
  `user_id` int(11) NOT NULL,
  `user_name` varchar(100) NOT NULL,
  `user_email` varchar(100) NOT NULL,
  `user_password` varchar(255) NOT NULL,
  `user_phone` varchar(20) NOT NULL,
  `user_address` text NOT NULL
) ENGINE=InnoDB DEFAULT CHARSET=utf8mb4 COLLATE=utf8mb4_general_ci;

--
-- Dumping data for table `tbl_users`
--

INSERT INTO `tbl_users` (`user_id`, `user_name`, `user_email`, `user_password`, `user_phone`, `user_address`) VALUES
(1, 'Ali', 'ali123@gmail.com', 'e697ef18d3fa82e0fcd427a989a86c694b547c64', '01123456789', 'Sintok, Kedah'),
(2, 'WONG PEI EN', 'wongpeien0345@gmail.com', '8b9777d9ca30aca10e84d23aa17c83b4b3abdc82', '01159502398', 'Lunas, Kedah');

-- --------------------------------------------------------

--
-- Table structure for table `tbl_works`
--

CREATE TABLE `tbl_works` (
  `id` int(11) NOT NULL,
  `title` varchar(100) NOT NULL,
  `description` text NOT NULL,
  `assigned_to` int(11) NOT NULL,
  `date_assigned` date NOT NULL,
  `due_date` date NOT NULL,
  `status` varchar(20) DEFAULT 'pending'
) ENGINE=InnoDB DEFAULT CHARSET=utf8mb4 COLLATE=utf8mb4_general_ci;

--
-- Dumping data for table `tbl_works`
--

INSERT INTO `tbl_works` (`id`, `title`, `description`, `assigned_to`, `date_assigned`, `due_date`, `status`) VALUES
(1, 'Prepare Material A', 'Prepare raw material A for assembly.', 1, '2025-05-25', '2025-05-28', 'pending'),
(2, 'Inspect Machine X', 'Conduct inspection for machine X.', 2, '2025-05-25', '2025-05-29', 'pending'),
(3, 'Clean Area B', 'Deep clean work area B before audit.', 3, '2025-05-25', '2025-05-30', 'pending'),
(4, 'Test Circuit Board', 'Perform unit test for circuit batch 4.', 4, '2025-05-25', '2025-05-28', 'pending'),
(5, 'Document Process', 'Write SOP for packaging unit.', 5, '2025-05-25', '2025-05-29', 'pending'),
(6, 'Paint Booth Check', 'Routine check on painting booth.', 1, '2025-05-25', '2025-05-30', 'pending'),
(7, 'Label Inventory', 'Label all boxes in section C.', 2, '2025-05-25', '2025-05-28', 'pending'),
(8, 'Update Database', 'Update inventory in MySQL system.', 3, '2025-05-25', '2025-05-29', 'pending'),
(9, 'Maintain Equipment', 'Oil and tune cutting machine.', 4, '2025-05-25', '2025-05-30', 'pending'),
(10, 'Prepare Report', 'Prepare monthly performance report.', 5, '2025-05-25', '2025-05-30', 'pending');

--
-- Indexes for dumped tables
--

--
-- Indexes for table `tbl_submissions`
--
ALTER TABLE `tbl_submissions`
  ADD PRIMARY KEY (`id`);

--
-- Indexes for table `tbl_users`
--
ALTER TABLE `tbl_users`
  ADD PRIMARY KEY (`user_id`);

--
-- Indexes for table `tbl_works`
--
ALTER TABLE `tbl_works`
  ADD PRIMARY KEY (`id`);

--
-- AUTO_INCREMENT for dumped tables
--

--
-- AUTO_INCREMENT for table `tbl_submissions`
--
ALTER TABLE `tbl_submissions`
  MODIFY `id` int(11) NOT NULL AUTO_INCREMENT, AUTO_INCREMENT=8;

--
-- AUTO_INCREMENT for table `tbl_users`
--
ALTER TABLE `tbl_users`
  MODIFY `user_id` int(11) NOT NULL AUTO_INCREMENT, AUTO_INCREMENT=3;

--
-- AUTO_INCREMENT for table `tbl_works`
--
ALTER TABLE `tbl_works`
  MODIFY `id` int(11) NOT NULL AUTO_INCREMENT, AUTO_INCREMENT=11;
COMMIT;

/*!40101 SET CHARACTER_SET_CLIENT=@OLD_CHARACTER_SET_CLIENT */;
/*!40101 SET CHARACTER_SET_RESULTS=@OLD_CHARACTER_SET_RESULTS */;
/*!40101 SET COLLATION_CONNECTION=@OLD_COLLATION_CONNECTION */;
